Tommie Goody,tgoody0@weather.com,809-992-7298Obadiah Godfery,ogodfery1@a8.net,560-745-9361Hewe Andriulis,handriulis2@auda.org.au,637-129-6073Nicola Schaffel,nschaffel3@umn.edu,936-816-9031Linnet Fellgate,lfellgate4@ameblo.jp,837-475-7739Jeannine Espinola,jespinola5@slideshare.net,549-439-3223Ferdie Arlet,farlet6@craigslist.org,144-434-8144Deb Risebarer,drisebarer7@hostgator.com,646-626-7781Randell Girt,rgirt8@facebook.com,290-785-0219Ree Totman,rtotman9@paginegialle.it,419-943-4400Christean Torrans,ctorransa@phpbb.com,746-940-0040Suzanna Bourke,sbourkeb@github.com,240-515-9183Steve Nehlsen,snehlsenc@xinhuanet.com,545-521-1909Kaile Antonelli,kantonellid@weibo.com,447-609-0560Stu Aizikov,saizikove@vinaora.com,336-657-2027Karlene felip,kfelipf@umich.edu,534-502-1339Mychal Mellsop,mmellsopg@hhs.gov,189-732-1229Emera Wybrew,ewybrewh@ask.com,211-224-3475Farah Bernardo,fbernardoi@goodreads.com,835-107-7540Lyndell Swinfon,lswinfonj@usnews.com,374-302-3174Bern China,bchinak@seattletimes.com,708-117-4249Darn Balden,dbaldenl@nydailynews.com,683-287-2503Midge Belton,mbeltonm@merriam-webster.com,329-788-7529Roth Mollen,rmollenn@bandcamp.com,310-924-5335Port Giurio,pgiurioo@foxnews.com,936-533-1868Ambros Reuter,areuterp@guardian.co.uk,951-979-8732Alverta Brockhurst,abrockhurstq@devhub.com,507-127-0423Retha Henriet,rhenrietr@washington.edu,307-253-4984Durward Haken,dhakens@seesaa.net,284-987-6149Elsa Forestel,eforestelt@narod.ru,275-240-6652Reinaldo Gretton,rgrettonu@about.me,929-420-4654Hy Letten,hlettenv@naver.com,106-459-2053Ardith Tibbles,atibblesw@hc360.com,131-959-8267Rickie Trundell,rtrundellx@simplemachines.org,410-954-4692Georges Luthwood,gluthwoody@wired.com,681-466-3674Dasie Peever,dpeeverz@yellowbook.com,804-468-5501Joel Rand,jrand10@nhs.uk,645-721-6406Lorine Rozec,lrozec11@cloudflare.com,191-832-2342Linda Hellard,lhellard12@upenn.edu,174-590-0857Haskell Vasyutochkin,hvasyutochkin13@baidu.com,320-231-4248Ann Klaaassen,aklaaassen14@wsj.com,278-198-8970Evania McMechan,emcmechan15@sciencedirect.com,590-837-4483Wendi Bumfrey,wbumfrey16@ameblo.jp,233-859-4684Lurette Dillamore,ldillamore17@oaic.gov.au,316-239-3555Dud Rustadge,drustadge18@xing.com,569-364-9027Concettina Stather,cstather19@unc.edu,660-728-5758Blakelee Barson,bbarson1a@google.cn,346-856-0224Winnie Woodall,wwoodall1b@live.com,879-475-8053Rutter Fulford,rfulford1c@google.de,534-569-1873Leah Veryan,lveryan1d@cpanel.net,811-638-1115Illa Asplin,iasplin1e@bloomberg.com,996-929-0517Erv Dimmack,edimmack1f@webmd.com,203-723-3224Garfield Sweeting,gsweeting1g@ezinearticles.com,819-576-8788Joyann Ridehalgh,jridehalgh1h@senate.gov,305-524-6635Emilie Yearn,eyearn1i@techcrunch.com,412-602-0556Elden Garrick,egarrick1j@nasa.gov,626-376-4276Giff Millberg,gmillberg1k@cpanel.net,696-559-2020Kara Ritson,kritson1l@amazon.de,996-366-3500Emlen Menier,emenier1m@slideshare.net,816-116-8759Martica Yurkevich,myurkevich1n@1und1.de,602-521-3392Donielle Spinetti,dspinetti1o@vimeo.com,608-779-0863Major Carlaw,mcarlaw1p@eepurl.com,762-956-1732Ivy Cordelet,icordelet1q@reddit.com,837-768-4718Marcel Renon,mrenon1r@opera.com,419-557-9127Chip Jeafferson,cjeafferson1s@europa.eu,829-748-2594Holly Loges,hloges1t@va.gov,381-275-0793Valentino Thurbon,vthurbon1u@mysql.com,152-737-4135Patin Guitonneau,pguitonneau1v@europa.eu,688-378-0529Carita Jobbins,cjobbins1w@delicious.com,905-266-3279Starla Haysham,shaysham1x@wordpress.org,623-666-9115Ramsey Dohmer,rdohmer1y@seattletimes.com,407-808-1713Alma Boggish,aboggish1z@economist.com,336-934-2309Eldredge Carrel,ecarrel20@mapquest.com,219-867-1584Merrill Grzegorek,mgrzegorek21@technorati.com,387-900-0104Alix Dobeson,adobeson22@oakley.com,904-691-9472Carmencita Tuer,ctuer23@accuweather.com,297-966-0660Parsifal Heining,pheining24@economist.com,795-266-3216Thom Andrysek,tandrysek25@google.pl,562-339-4072Janie Rogger,jrogger26@homestead.com,568-513-6224Sumner Throughton,sthroughton27@rakuten.co.jp,770-991-7165Maurice Wagge,mwagge28@forbes.com,461-488-1202Dora Tennock,dtennock29@so-net.ne.jp,410-988-1028Hilliard Exroll,hexroll2a@mapquest.com,160-834-8433Roderic Sawtell,rsawtell2b@google.ca,144-620-7578Dorrie Bleackly,dbleackly2c@wisc.edu,463-475-3824Bernete Emmet,bemmet2d@ustream.tv,941-196-0514Brady Fray,bfray2e@soundcloud.com,638-628-2310Dona Paton,dpaton2f@cnet.com,353-382-6579Baird Curtain,bcurtain2g@free.fr,341-807-7755Lonna Pinkney,lpinkney2h@indiatimes.com,356-932-4041Jo Allum,jallum2i@ustream.tv,462-454-0603Samson Benny,sbenny2j@who.int,931-467-0791Mureil Izat,mizat2k@cmu.edu,168-666-0120Flem Clausen,fclausen2l@bluehost.com,582-521-4749Amery Eyers,aeyers2m@ustream.tv,557-199-0868Sondra Langstone,slangstone2n@sciencedirect.com,928-457-4137Nona Franseco,nfranseco2o@geocities.jp,420-546-9832Ara Layburn,alayburn2p@wikispaces.com,232-200-4664Domenico Armstrong,darmstrong2q@photobucket.com,136-248-4329Hewe Walaron,hwalaron2r@vimeo.com,487-670-7860Duky Kniveton,dkniveton2s@naver.com,205-997-3217Gram Wilsone,gwilsone2t@hc360.com,409-746-9200Helen-elizabeth Flancinbaum,hflancinbaum2u@seesaa.net,922-707-7013Van Miebes,vmiebes2v@wikia.com,286-611-2087Nolana Norquay,nnorquay2w@surveymonkey.com,614-985-7839Jeromy Hynd,jhynd2x@google.cn,775-819-5604June Binley,jbinley2y@oakley.com,758-354-5532Sheelah Loos,sloos2z@usnews.com,895-983-9667Dov Di Roberto,ddiroberto30@ow.ly,348-708-0088Audre Boyett,aboyett31@weather.com,842-122-7239Lorelei Warrington,lwarrington32@last.fm,133-287-3998Zonda Woltman,zwoltman33@spotify.com,848-384-6843Sigismondo Chilles,schilles34@japanpost.jp,141-224-3018Erminia Kubiak,ekubiak35@goo.ne.jp,599-469-9105Druci Glenn,dglenn36@bing.com,702-911-5493Jeromy Gewer,jgewer37@blinklist.com,791-293-4175Edin O'Fihillie,eofihillie38@example.com,280-553-7008Garey MacCorkell,gmaccorkell39@wix.com,988-235-4683Maribeth Bulleyn,mbulleyn3a@cam.ac.uk,152-212-5356Rianon Mariolle,rmariolle3b@etsy.com,365-538-7361Roldan Ransfield,rransfield3c@pagesperso-orange.fr,517-384-1355Tedman Leneham,tleneham3d@nbcnews.com,563-178-5740Marlo Haggis,mhaggis3e@vinaora.com,503-184-5250Job Pally,jpally3f@google.com.hk,684-951-3712Tina Laugherane,tlaugherane3g@cloudflare.com,978-787-9682Rose Meads,rmeads3h@google.ca,237-704-8250Trent Nellies,tnellies3i@marketwatch.com,871-146-8323Lanie Mawer,lmawer3j@about.me,605-259-0533Kay Carbery,kcarbery3k@who.int,721-192-7228Agosto Penzer,apenzer3l@forbes.com,829-159-5451Morgan Mitton,mmitton3m@joomla.org,952-318-1528Merrick Minchenton,mminchenton3n@clickbank.net,655-995-5365Genny Tombling,gtombling3o@accuweather.com,873-265-1283Pinchas Titterrell,ptitterrell3p@google.co.uk,627-408-1450Randie Sandell,rsandell3q@wikispaces.com,266-258-4852Sutherlan Arrighetti,sarrighetti3r@bandcamp.com,796-977-8007Manfred Tilzey,mtilzey3s@netscape.com,477-294-9078Norby Wason,nwason3t@example.com,469-867-7879Sonny Passo,spasso3u@ebay.co.uk,547-853-1120Lorry Patey,lpatey3v@answers.com,984-629-1399Hasty O'Sheils,hosheils3w@purevolume.com,253-878-6175Jorgan Code,jcode3x@csmonitor.com,576-542-6943Giovanna Trudgian,gtrudgian3y@sphinn.com,904-939-8410Phaidra Sappell,psappell3z@nydailynews.com,718-941-5675Gratia Riccetti,griccetti40@aboutads.info,699-688-4565Romeo Maddaford,rmaddaford41@unc.edu,870-880-1960Jerrylee Bouda,jbouda42@princeton.edu,124-565-3256Bunnie Cajkler,bcajkler43@redcross.org,118-525-8362Cally Sheldon,csheldon44@vimeo.com,947-671-7677Emiline Hansley,ehansley45@wordpress.com,615-457-7372Angelle Farryann,afarryann46@apple.com,296-398-7808Thibaud Defraine,tdefraine47@virginia.edu,937-704-6563Catherin Sawood,csawood48@goo.gl,972-801-1394Antonietta Mc Harg,amcharg49@youku.com,830-734-1414Ike Saunter,isaunter4a@twitter.com,130-780-1388Wes Ricold,wricold4b@latimes.com,498-695-1786Rahal Orridge,rorridge4c@nasa.gov,909-192-5199Mal Scates,mscates4d@thetimes.co.uk,736-577-0913Alica Chapell,achapell4e@usnews.com,528-680-1122Connie Kennedy,ckennedy4f@utexas.edu,482-868-7511Hildegarde Beadham,hbeadham4g@fc2.com,568-288-2562Libby Kaas,lkaas4h@list-manage.com,230-591-9480Westbrooke Cadman,wcadman4i@oakley.com,228-464-4709Shalne Boulstridge,sboulstridge4j@networksolutions.com,608-298-0834Beulah Fransewich,bfransewich4k@tripod.com,854-878-9415Otis Cossell,ocossell4l@newyorker.com,280-217-9290Giraldo Moresby,gmoresby4m@furl.net,983-650-6804Didi Parrott,dparrott4n@europa.eu,617-673-7997Nelson Gager,ngager4o@washington.edu,498-990-1149Izzy Zarfati,izarfati4p@sitemeter.com,987-792-3744Carroll Rosenau,crosenau4q@addtoany.com,169-329-1261Yevette Okenden,yokenden4r@delicious.com,411-802-2491Penn Lyes,plyes4s@vk.com,767-621-7700Hyacintha Galland,hgalland4t@nhs.uk,913-262-6510Alessandra Lapre,alapre4u@infoseek.co.jp,849-918-0044Nomi Colclough,ncolclough4v@ucsd.edu,527-391-0838Julian Wadlow,jwadlow4w@usgs.gov,445-824-2111Britte Daborne,bdaborne4x@blogs.com,832-569-7468Harmony Cruft,hcruft4y@amazon.co.uk,815-532-1994Debera Longland,dlongland4z@over-blog.com,282-307-3342Phillie Foy,pfoy50@independent.co.uk,133-668-7858Monica McMurthy,mmcmurthy51@dailymotion.com,107-897-7654Kinny Pettersen,kpettersen52@who.int,395-439-8382Ashlan Schuh,aschuh53@mediafire.com,825-912-2118Arley Sillitoe,asillitoe54@51.la,824-141-7638Anallise Hamberston,ahamberston55@hhs.gov,648-100-6284Herrick Cattel,hcattel56@hatena.ne.jp,324-128-8083Franz Toffoletto,ftoffoletto57@loc.gov,959-914-0090Stanfield Corness,scorness58@printfriendly.com,123-773-4507Cody Haken,chaken59@comcast.net,795-199-4722Prue Gymlett,pgymlett5a@wikimedia.org,443-325-4143Wyndham Iorizzo,wiorizzo5b@stumbleupon.com,859-637-8551Maria Skellorne,mskellorne5c@elpais.com,363-702-7181Raquel Kingh,rkingh5d@kickstarter.com,577-828-9763Rozele Bewshire,rbewshire5e@cbc.ca,108-298-2652Flor Pren,fpren5f@drupal.org,505-869-6841Park von Nassau,pvonnassau5g@fotki.com,951-522-9314Lisbeth Frugier,lfrugier5h@foxnews.com,961-838-3554Shurlock Blackaby,sblackaby5i@amazonaws.com,120-353-5059Lisetta Ryall,lryall5j@cnbc.com,646-917-4880Gaylord Burden,gburden5k@mac.com,761-895-6906Lonni Niccols,lniccols5l@acquirethisname.com,429-534-8814Adele Hauxley,ahauxley5m@adobe.com,205-648-4908Dante Garlinge,dgarlinge5n@slashdot.org,371-291-9679Dorolice Karoly,dkaroly5o@jalbum.net,254-907-9037Neilla Nichols,nnichols5p@blinklist.com,691-783-8158Dave Isenor,disenor5q@comsenz.com,366-581-6473Alonzo Bernier,abernier5r@webs.com,757-829-1594Walsh Comar,wcomar5s@nifty.com,355-598-0509Vidovik Simester,vsimester5t@sogou.com,997-692-5115Lesley Lodewick,llodewick5u@examiner.com,700-551-3759Artemus Anchor,aanchor5v@photobucket.com,750-533-9413Dominick Petford,dpetford5w@google.ca,439-651-6929Reagan Bonick,rbonick5x@umn.edu,212-644-1502Kata MacCrackan,kmaccrackan5y@unesco.org,508-631-7164Ephrayim Spridgeon,espridgeon5z@earthlink.net,324-285-2783Teddy Cattini,tcattini60@skype.com,315-277-3676Elvina Yanin,eyanin61@goo.gl,663-229-3634Nickolas Whelan,nwhelan62@irs.gov,700-135-2172Lisbeth Matuszak,lmatuszak63@bloglines.com,908-554-9802Merrick McAlpine,mmcalpine64@ow.ly,591-300-2337Christie Sprull,csprull65@lycos.com,212-498-4788Carly Farny,cfarny66@dyndns.org,297-365-9326Blithe Gippes,bgippes67@discuz.net,425-151-7157Kelley Gullane,kgullane68@a8.net,615-471-3067Kelwin Ciobotaru,kciobotaru69@sfgate.com,521-348-3957Aleksandr Hablot,ahablot6a@statcounter.com,444-962-9069Joshua Carnell,jcarnell6b@comcast.net,573-351-9316Jeniece Sumers,jsumers6c@goo.gl,289-944-2587Christy Ivery,civery6d@shutterfly.com,967-805-0014Claudina Prosh,cprosh6e@auda.org.au,754-107-6412Jeanette Reucastle,jreucastle6f@networksolutions.com,158-792-5524Zerk Beel,zbeel6g@twitter.com,362-583-2393Catina Surman-Wells,csurmanwells6h@eepurl.com,875-714-0816Lombard D'Ambrogio,ldambrogio6i@angelfire.com,680-165-2296Heather Spondley,hspondley6j@answers.com,542-902-5615Morrie Dundridge,mdundridge6k@shinystat.com,420-594-4783Alix Shimman,ashimman6l@facebook.com,716-404-8209Rodolphe Hasley,rhasley6m@alexa.com,685-106-4922Calhoun Flemmich,cflemmich6n@illinois.edu,206-603-9575Kenn Wilcocks,kwilcocks6o@ucoz.ru,700-920-1737Marcelle Ander,mander6p@edublogs.org,789-620-1706Catrina Clohissy,cclohissy6q@mediafire.com,481-641-2449Edeline Rooksby,erooksby6r@hostgator.com,371-958-4581Hilary Puttick,hputtick6s@ycombinator.com,621-708-9072Mickie Peatheyjohns,mpeatheyjohns6t@sphinn.com,571-968-4896Cherilyn Ciabatteri,cciabatteri6u@google.nl,522-286-3875Tobiah Slaughter,tslaughter6v@delicious.com,246-449-0270Patricio Stainton,pstainton6w@theatlantic.com,937-497-5607Griffy Mustard,gmustard6x@bbc.co.uk,623-686-7895Gaby Deme,gdeme6y@ihg.com,210-652-7739Sal Mayer,smayer6z@unicef.org,896-605-7674Hal Lambis,hlambis70@topsy.com,388-902-3805Raimund Hitschke,rhitschke71@miitbeian.gov.cn,838-854-6096Garold Slate,gslate72@instagram.com,674-140-5269Zsa zsa Lipyeat,zlipyeat73@deviantart.com,344-139-8952Aila Bottomer,abottomer74@foxnews.com,923-752-8830Kissiah Winston,kwinston75@businessweek.com,644-770-5541Jermaine Moulden,jmoulden76@china.com.cn,393-108-8803Sky Keary,skeary77@smh.com.au,877-132-9130Nikita Huygens,nhuygens78@addthis.com,919-836-7230Kandace Tyas,ktyas79@creativecommons.org,949-552-5893Hale Wharby,hwharby7a@jalbum.net,536-983-6399Frankie Binyon,fbinyon7b@jigsy.com,625-753-6001Allan Persent,apersent7c@columbia.edu,711-378-6962Martie Dict,mdict7d@biblegateway.com,674-856-7638Christoforo Eck,ceck7e@umn.edu,143-878-1604Virgina Burnside,vburnside7f@epa.gov,170-887-1302Wolfie Dodshun,wdodshun7g@amazon.co.jp,255-739-7949Winne Ditter,wditter7h@nationalgeographic.com,400-519-3360Brigham Bayns,bbayns7i@blogspot.com,188-714-7546Annmarie Schuck,aschuck7j@unesco.org,708-582-1917Andrej Menzies,amenzies7k@nydailynews.com,737-645-6640Jania Kelleher,jkelleher7l@mac.com,482-360-5705Adham Logue,alogue7m@ow.ly,923-275-9170Rivalee Bigg,rbigg7n@apache.org,806-379-7878Eimile MacCallam,emaccallam7o@ebay.co.uk,373-164-2258Doralin Oloshin,doloshin7p@google.nl,917-334-4458Tessy Devil,tdevil7q@umich.edu,206-668-8573Laraine Freeberne,lfreeberne7r@sourceforge.net,101-328-6017Raimondo Howsley,rhowsley7s@amazon.co.jp,245-489-1926Alisa Birds,abirds7t@usnews.com,166-584-3663Brit Hazelgreave,bhazelgreave7u@alexa.com,640-317-6913Robinet McDade,rmcdade7v@ftc.gov,696-889-1830Rinaldo Trewman,rtrewman7w@netvibes.com,555-685-0819Lyman Wittke,lwittke7x@instagram.com,116-191-2000Norry Mees,nmees7y@nature.com,636-312-6050Gabriella Close,gclose7z@dedecms.com,499-849-0065Rosie Keesman,rkeesman80@photobucket.com,421-759-7086Bonni Gillimgham,bgillimgham81@microsoft.com,880-221-8961Dosi Macieiczyk,dmacieiczyk82@google.it,675-841-8145Jacinthe Gabbott,jgabbott83@alibaba.com,431-574-3982Rosalinde Ridout,rridout84@dagondesign.com,513-808-0849Lizbeth Climer,lclimer85@adobe.com,625-306-8153Wheeler Stalley,wstalley86@ocn.ne.jp,429-711-2771Melloney Heintze,mheintze87@kickstarter.com,244-340-1721Sula Ollivierre,sollivierre88@desdev.cn,133-775-7019Colver MacSweeney,cmacsweeney89@homestead.com,578-755-3071Torrey Aizikovitz,taizikovitz8a@earthlink.net,852-269-6688Barny Beminster,bbeminster8b@barnesandnoble.com,452-281-6856Colby Sadd,csadd8c@multiply.com,755-102-8132Pernell Westnedge,pwestnedge8d@deliciousdays.com,456-171-7135Gonzales Kalinsky,gkalinsky8e@baidu.com,763-627-7087Benni Dowsey,bdowsey8f@eepurl.com,763-367-4713Laura Drysdall,ldrysdall8g@usnews.com,822-605-6108Drew Flatte,dflatte8h@google.com.au,393-555-2341Lea Gledhall,lgledhall8i@seattletimes.com,155-899-3411Lorie Evesque,levesque8j@senate.gov,135-151-5391Daven Lux,dlux8k@princeton.edu,174-977-3558Ruperta Flecknoe,rflecknoe8l@xing.com,593-193-3872Stuart Alpine,salpine8m@jimdo.com,278-841-8855Helge Menere,hmenere8n@usda.gov,544-847-8082Minna Lewtey,mlewtey8o@domainmarket.com,539-841-7266Rebecka Fishburn,rfishburn8p@booking.com,750-954-7821Leisha Mapplebeck,lmapplebeck8q@addtoany.com,693-811-9800Berny Staples,bstaples8r@cbsnews.com,594-873-7250Robinia Worley,rworley8s@yelp.com,117-579-8635Fonz Eagling,feagling8t@mapy.cz,508-912-5167Concettina Aggio,caggio8u@marriott.com,879-619-2110Irena Grey,igrey8v@webnode.com,409-178-1347Abbey Mallard,amallard8w@theatlantic.com,497-515-0137Sumner Vokes,svokes8x@ibm.com,568-737-9845Phebe Endrizzi,pendrizzi8y@utexas.edu,860-682-1731Grenville Barrie,gbarrie8z@princeton.edu,823-141-4792Clemmy Vennings,cvennings90@wikia.com,694-562-4174Issie Johnstone,ijohnstone91@huffingtonpost.com,263-518-2860Nina Leggett,nleggett92@chicagotribune.com,708-336-7847Annis Sangra,asangra93@wikimedia.org,386-502-6895Giuseppe Dane,gdane94@posterous.com,918-941-2601Park Dachey,pdachey95@cnn.com,841-996-8506Northrup Butting,nbutting96@wsj.com,571-280-4401Francis Dadswell,fdadswell97@list-manage.com,117-559-7428Delilah Delnevo,ddelnevo98@barnesandnoble.com,262-559-7087Daniel Spier,dspier99@shareasale.com,606-193-3241Kerianne Harbage,kharbage9a@liveinternet.ru,617-977-5286Vladamir Le Pine,vlepine9b@nsw.gov.au,620-133-6472Denny Gooderson,dgooderson9c@hao123.com,557-755-2626Rorke Polley,rpolley9d@rakuten.co.jp,853-733-1669Rhoda Dymond,rdymond9e@simplemachines.org,302-621-8466Mommy Roumier,mroumier9f@hibu.com,230-515-3177Karlens Loidl,kloidl9g@nasa.gov,974-215-0019Lionel Finby,lfinby9h@fc2.com,419-657-9810Nil Pelz,npelz9i@angelfire.com,187-178-3592Mac Mogridge,mmogridge9j@imageshack.us,186-214-6748Franklyn McDermid,fmcdermid9k@nifty.com,385-251-2448Leonhard Patching,lpatching9l@stanford.edu,904-170-8923Darnall Burdett,dburdett9m@dailymail.co.uk,242-911-0838Emmy Buckthorp,ebuckthorp9n@nymag.com,254-992-0681Chev Bert,cbert9o@geocities.com,647-643-1637Avrom Vautier,avautier9p@csmonitor.com,541-251-3478Katti Reicharz,kreicharz9q@webeden.co.uk,999-166-3232Harper Orkney,horkney9r@pagesperso-orange.fr,501-805-3883Nataline Crowd,ncrowd9s@odnoklassniki.ru,551-857-4854Bambie Halkyard,bhalkyard9t@statcounter.com,338-773-6845Taddeo Stodd,tstodd9u@army.mil,647-525-9173Kayley Bohling,kbohling9v@angelfire.com,425-855-0359Magnum Marrow,mmarrow9w@yale.edu,580-476-7607Fern Nockells,fnockells9x@istockphoto.com,499-588-0199Melodee Canacott,mcanacott9y@blinklist.com,860-141-3677Sollie Persicke,spersicke9z@amazon.co.uk,270-190-3493Consuelo Pitchers,cpitchersa0@archive.org,722-917-7407Marabel Selvey,mselveya1@redcross.org,489-694-1982Teodor Gladdolph,tgladdolpha2@etsy.com,162-511-4877Lizbeth Tanti,ltantia3@howstuffworks.com,547-873-7263Graham Kirkup,gkirkupa4@sitemeter.com,122-591-9669Lacee Gyves,lgyvesa5@goo.gl,338-213-4235Roma Scoon,rscoona6@ow.ly,731-667-6186Frannie Antrack,fantracka7@imageshack.us,211-255-2896Sunshine ducarme,sducarmea8@wisc.edu,588-187-6390Carey Triplow,ctriplowa9@bravesites.com,461-335-2898Barri Lebreton,blebretonaa@weibo.com,895-368-1551Rochette Janisson,rjanissonab@skyrock.com,370-463-7629Colette Jirka,cjirkaac@plala.or.jp,904-928-4498Karoly Heatly,kheatlyad@china.com.cn,926-310-8120Letitia Raithmill,lraithmillae@cloudflare.com,921-766-7327Erda Sherer,eshereraf@symantec.com,647-232-0767Wernher Leidecker,wleideckerag@wisc.edu,390-483-0275Odette Noye,onoyeah@1688.com,817-626-6797Chaddie Broughton,cbroughtonai@ehow.com,498-902-6937Aylmar Bennington,abenningtonaj@posterous.com,863-461-9700Jilly Wheal,jwhealak@devhub.com,380-889-4794Dru Koppeck,dkoppeckal@diigo.com,997-873-1049Mata Panting,mpantingam@simplemachines.org,332-407-3775Catha Gepp,cgeppan@ycombinator.com,580-900-1606Tyler Tabbernor,ttabbernorao@whitehouse.gov,518-367-7641Fraze Scriven,fscrivenap@latimes.com,944-724-0682Darnall Tebboth,dtebbothaq@skype.com,342-171-4808Jacenta Dignum,jdignumar@delicious.com,853-923-5185Emlen Tokley,etokleyas@typepad.com,421-515-7224Federico Balazin,fbalazinat@gravatar.com,779-214-4467Devon Tebbutt,dtebbuttau@huffingtonpost.com,335-623-9239Moore McRitchie,mmcritchieav@time.com,438-474-6419Eamon Verrillo,everrilloaw@google.es,955-301-6984Parke Hazleton,phazletonax@edublogs.org,651-311-5617Jandy Lomas,jlomasay@is.gd,538-234-7833Lynda Bavister,lbavisteraz@digg.com,671-761-6801Robinetta Haddacks,rhaddacksb0@skype.com,876-250-6061Cornela Stidworthy,cstidworthyb1@jiathis.com,767-956-0339Tami Ivanuschka,tivanuschkab2@is.gd,181-630-0938Isidora Satterly,isatterlyb3@photobucket.com,951-922-6361Jami Cottage,jcottageb4@rediff.com,352-686-0264Enrica MacLennan,emaclennanb5@typepad.com,935-771-2832Tamar Wishkar,twishkarb6@wikia.com,515-935-6182Rebeka Southwood,rsouthwoodb7@google.de,362-407-3681Nevins Rounsefell,nrounsefellb8@imageshack.us,705-560-7932Sibby Armitage,sarmitageb9@barnesandnoble.com,508-365-6179Charil Montier,cmontierba@wikispaces.com,662-815-9968Nickey Decroix,ndecroixbb@techcrunch.com,249-968-4012Alasteir Gehrels,agehrelsbc@linkedin.com,941-540-3982Elnora Gabites,egabitesbd@live.com,614-937-4809Augie Chaundy,achaundybe@purevolume.com,778-789-0246Diandra Snowding,dsnowdingbf@noaa.gov,563-286-2352Brit Sorey,bsoreybg@nba.com,513-199-6788Mabel Leith-Harvey,mleithharveybh@livejournal.com,973-417-9163Mignon Fairham,mfairhambi@vinaora.com,920-653-3810Cornall Dennis,cdennisbj@mapy.cz,178-914-5393Forster Baccus,fbaccusbk@illinois.edu,579-614-9683Jarib Denis,jdenisbl@seesaa.net,563-140-3547Camellia Poulett,cpoulettbm@omniture.com,181-231-4867Woodie Teasell,wteasellbn@51.la,306-331-7552Niven Stoffel,nstoffelbo@topsy.com,486-558-6914Berty Laurant,blaurantbp@tinypic.com,603-345-1588Brier Geffcock,bgeffcockbq@ebay.co.uk,781-212-9913Beulah Conman,bconmanbr@ihg.com,776-310-9613Joceline Brewster,jbrewsterbs@walmart.com,197-584-4060Odell Mary,omarybt@fda.gov,688-115-2679Calli Guidera,cguiderabu@furl.net,853-296-1202Paulina Dixcee,pdixceebv@trellian.com,327-341-1827Tarrah Holtham,tholthambw@un.org,284-882-8499Shannan Crassweller,scrasswellerbx@hugedomains.com,679-418-1729Elise Brownsall,ebrownsallby@tiny.cc,630-352-9324Martyn Kunz,mkunzbz@hostgator.com,266-181-3784Trixie Swainston,tswainstonc0@a8.net,979-245-6411Donni Testo,dtestoc1@blogs.com,530-882-2724Gaven Chaney,gchaneyc2@google.com.br,619-451-7220Mariejeanne Giorgini,mgiorginic3@tuttocitta.it,609-470-6360Therese Coulthard,tcoulthardc4@comsenz.com,193-631-3899Niels Hanselmann,nhanselmannc5@so-net.ne.jp,495-390-4222Chiquia Balma,cbalmac6@flavors.me,155-739-4536Virginie Wagon,vwagonc7@alibaba.com,320-342-6534Aprilette Patington,apatingtonc8@homestead.com,199-750-5624Brock Dillet,bdilletc9@newsvine.com,850-622-5187Bendick Swansbury,bswansburyca@cdbaby.com,884-866-6169Tibold Schuchmacher,tschuchmachercb@quantcast.com,354-960-1109Roz Holwell,rholwellcc@infoseek.co.jp,990-445-4889Alleyn Wilstead,awilsteadcd@mozilla.com,837-158-4850Renell Leathe,rleathece@ifeng.com,928-830-0719Anna-diane Abbitt,aabbittcf@nps.gov,661-756-2452Vonny Gisbey,vgisbeycg@illinois.edu,303-191-2571Tommy Luther,tlutherch@comcast.net,197-151-2620Kalina Stiffkins,kstiffkinsci@cnbc.com,712-472-7622Olenolin Fiorentino,ofiorentinocj@omniture.com,120-495-2930Way Beade,wbeadeck@mozilla.org,289-398-4482Hi Solloway,hsollowaycl@phoca.cz,953-373-2634Far MacMarcuis,fmacmarcuiscm@facebook.com,456-151-4307Mikel Mell,mmellcn@seattletimes.com,691-997-0379Evonne Conerding,econerdingco@51.la,682-839-8631Marius Bernetti,mbernetticp@auda.org.au,202-679-2631Babbie Catchpole,bcatchpolecq@comsenz.com,984-700-8107Keven Dowrey,kdowreycr@google.cn,764-268-1651Udell Magill,umagillcs@washingtonpost.com,164-238-0356Deeyn Winterburn,dwinterburnct@howstuffworks.com,284-502-1463Consalve Jeanesson,cjeanessoncu@plala.or.jp,939-292-4881Adam Portail,aportailcv@163.com,400-905-2786Beverlie Hixson,bhixsoncw@bbc.co.uk,231-399-7210Jillene Cowan,jcowancx@salon.com,988-566-3919Hewitt Stowers,hstowerscy@jalbum.net,611-860-9609Codie Lupson,clupsoncz@qq.com,756-803-6288Carine Fisby,cfisbyd0@so-net.ne.jp,179-771-9853Adrianna Barkas,abarkasd1@goodreads.com,299-340-7861Brenda Stothard,bstothardd2@usda.gov,369-888-3132Graehme Jee,gjeed3@shop-pro.jp,213-125-4077Halie Chardin,hchardind4@stanford.edu,760-385-0650Archaimbaud Stovine,astovined5@networkadvertising.org,601-919-5732Thia McNeilly,tmcneillyd6@bravesites.com,582-551-9281Casi Lippitt,clippittd7@uol.com.br,785-823-5461Jenn Eagleston,jeaglestond8@vk.com,913-610-6976Meggi O'Hingerty,mohingertyd9@github.com,677-672-5799Adolphus Schonfelder,aschonfelderda@wix.com,689-198-8793Ruy Baterip,rbateripdb@purevolume.com,190-784-3067Vinson Sorensen,vsorensendc@example.com,232-870-2491Philippe Diggens,pdiggensdd@sphinn.com,418-399-1240Mady Brimfield,mbrimfieldde@360.cn,953-307-3849Pegeen Bangham,pbanghamdf@tripadvisor.com,775-346-4990Dunn Rakestraw,drakestrawdg@cafepress.com,283-554-3715Martyn Munson,mmunsondh@china.com.cn,793-861-3407Zaria Dorwood,zdorwooddi@e-recht24.de,180-194-7847Lorry Buckenham,lbuckenhamdj@eventbrite.com,395-130-9998Lynne Ortet,lortetdk@ovh.net,482-224-7203Skippy Yurkiewicz,syurkiewiczdl@sitemeter.com,549-453-2918Alicia Sunter,asunterdm@163.com,363-154-4312Vick Geffinger,vgeffingerdn@boston.com,229-592-8009Derrick Elbourn,delbourndo@marriott.com,737-990-7532Aleda Dominique,adominiquedp@shop-pro.jp,418-451-0720Debera Ivanyutin,divanyutindq@plala.or.jp,916-210-6173Kirstin Grinyakin,kgrinyakindr@unc.edu,828-711-0882Haywood Rumbold,hrumboldds@liveinternet.ru,293-764-4418Karalynn Lambkin,klambkindt@ebay.com,928-568-1974Kessiah Tynemouth,ktynemouthdu@ning.com,690-215-8097Carmela Kaubisch,ckaubischdv@wikia.com,307-726-6526